"code","value","description","parent","reference data set","related terms","is_multi_mapped_to_c57cb90f-2126-3800-9c9f-9eab82021cdf"
"EU","European Union","European Union",,"534561ac-1080-3714-b7aa-5a5809ff1f00",,
"ARG","Argentina","Argentina",,,,
"AUS","Australia","Australia",,,,"SYD"
"BEL","Belgium","Belgium","EU",,,
"BRA","Brazil","Brazil",,,,"SAO"
"CAN","Canada","Canada",,,,"TOR"
"CHL","Chile","Chile",,,,
"CHN","China","China",,,,
"FRA","France","France","EU",,,
"DEU","Germany","Germany","EU",,,"FRA"
"HKG","Hong Kong","Hong Kong",,,,
"ITA","Italy","Italy","EU",,,
"JPN","Japan","Japan",,,,"OSA,TOK"
"MEX","Mexico","Mexico",,,,
"NLD","Netherlands","Netherlands","EU",,,
"NZL","New Zealand","New Zealand",,,,
"PRK","Korea (Democratic People's Republic of)","Korea (Democratic People's Republic of)",,,,
"PRT","Portugal","Portugal","EU",,,
"RUS","Russian Federation","Russian Federation",,,,
"TUR","Turkey","Turkey",,,,
"GBR","United Kingdom of Great Britain and Northern Ireland","United Kingdom of Great Britain and Northern Ireland",,,,"LON"
"USA","United States of America","United States of America",,,,"DAL,WAS"
