Name,Artifact Type,Category,Artifact ID,Description,Tags,Classifications,Stewards,Related Terms,Business Start,Business End,Part Of Terms,Type Of Terms,Abbreviations,Data Classes,Synonyms,Secondary Categories
Event,glossary_term,15dfd19e-a954-4ba3-b184-1abe18612219,012a4ceb-0d0b-4492-99a0-ea1ba996d8eb,Motorbike races staged on circuits and organized by a promoter nominated by the FIM (Fédération Internationale de Motocyclisme) and the commercial right's holder of the championship i.e.: Dorna Sports S.L.,,,,,2023-08-03 12:48:02,,,,,,,
Rider,glossary_term,15dfd19e-a954-4ba3-b184-1abe18612219,752a2f56-d1a6-4dc8-afe4-76fe60a7019a,Drivers (pilots) of motorbikes who must be in possession of a FIM Grand Prix Licence and registered by a member team of IRTA - International Road Racing Teams Association,,,,,2023-08-03 12:48:02,,,,,,,
Team,glossary_term,15dfd19e-a954-4ba3-b184-1abe18612219,7aeea405-56e4-492d-8439-18559d643e92,Members of the IRTA (International Road-Racing Teams Association) having concluded a Participation Agreement which entitles them to compete in a championship,,,,,2023-08-03 12:48:02,,,,,,,
Motorbike,glossary_term,15dfd19e-a954-4ba3-b184-1abe18612219,a1a49b1a-724e-420e-a48d-f92cbdaa5568,Purpose-built racing motorcycles unavailable for purchase by the general public unable to be ridden legally on public roads but on MotoGP Grand Prix circuits,,,,,2023-08-03 12:48:02,,,,bike,,,
Constructor,glossary_term,15dfd19e-a954-4ba3-b184-1abe18612219,d35991ae-ab66-4b59-bc3c-d0deddafe1ae,Developers manufacturers and providers of engines for at least one team participating in the championship,,,,,2023-08-03 12:48:02,,,,manufacturer,,,
Circuit,glossary_term,15dfd19e-a954-4ba3-b184-1abe18612219,d967a1c7-0eeb-4233-8a00-fa24816d7422,A permanent facility built for the racing of motorbikes where the racing events take place and whose standards are certified by the FIM (Fédération Internationale de Motocyclisme),,,,,2023-08-03 12:48:02,,,,,,,
